<?xml version="1.0" encoding="utf-8" standalone="yes"?>
<rss version="2.0" xmlns:atom="http://www.w3.org/2005/Atom">
  <channel>
    <title>Labs on MIT OpenCourseWare</title>
    <link>/resources/labs/</link>
    <description>Recent content in Labs on MIT OpenCourseWare</description>
    <generator>Hugo -- gohugo.io</generator>
    <language>en-us</language><atom:link href="/resources/labs/index.xml" rel="self" type="application/rss+xml" />
    <item>
      <title>AntiAliasJButton.java</title>
      <link>/resources/antialiasjbutton/data.json</link>
      <pubDate>Mon, 01 Jan 0001 00:00:00 +0000</pubDate>
      
      <guid>/resources/antialiasjbutton/data.json</guid>
      <description>This file contains java code for enabling antialiasing and is a part of lab 3.</description>
    </item>
    
    <item>
      <title>AntiAliasJLabel.java</title>
      <link>/resources/antialiasjlabel/data.json</link>
      <pubDate>Mon, 01 Jan 0001 00:00:00 +0000</pubDate>
      
      <guid>/resources/antialiasjlabel/data.json</guid>
      <description>This file contains java code for enabling antialiasing and is a part of lab 3.</description>
    </item>
    
    <item>
      <title>Ball.java</title>
      <link>/resources/ball/data.json</link>
      <pubDate>Mon, 01 Jan 0001 00:00:00 +0000</pubDate>
      
      <guid>/resources/ball/data.json</guid>
      <description>This file contains java code for a simple object that has a capacity related to problem set 0.</description>
    </item>
    
    <item>
      <title>ComparatorExample.java</title>
      <link>/resources/comparatorexample/data.json</link>
      <pubDate>Mon, 01 Jan 0001 00:00:00 +0000</pubDate>
      
      <guid>/resources/comparatorexample/data.json</guid>
      <description>This file contains java code for a GUI for a book of names, emails, phone numbers, and favorite colors, and is a part of lab 3.</description>
    </item>
    
    <item>
      <title>ExtendedTableRenderer.java</title>
      <link>/resources/extendedtablerenderer/data.json</link>
      <pubDate>Mon, 01 Jan 0001 00:00:00 +0000</pubDate>
      
      <guid>/resources/extendedtablerenderer/data.json</guid>
      <description>This file contains java code for used to reduce coding time for a colored button in a jtable, ans is a part of lab 3.</description>
    </item>
    
    <item>
      <title>junit.zip</title>
      <link>/resources/junit/data.json</link>
      <pubDate>Mon, 01 Jan 0001 00:00:00 +0000</pubDate>
      
      <guid>/resources/junit/data.json</guid>
      <description></description>
    </item>
    
    <item>
      <title>lab2tar.gz</title>
      <link>/resources/lab2tar/data.json</link>
      <pubDate>Mon, 01 Jan 0001 00:00:00 +0000</pubDate>
      
      <guid>/resources/lab2tar/data.json</guid>
      <description>This resource contains 7 .java files, 1 .classpath file, and 1 .project file.</description>
    </item>
    
    <item>
      <title>lab3.pdf</title>
      <link>/resources/lab3/data.json</link>
      <pubDate>Mon, 01 Jan 0001 00:00:00 +0000</pubDate>
      
      <guid>/resources/lab3/data.json</guid>
      <description>This resource contains understanding the existing code, and writting a comparator along with deliverables, and footnotes.</description>
    </item>
    
    <item>
      <title>lab3tar.gz</title>
      <link>/resources/lab3tar/data.json</link>
      <pubDate>Mon, 01 Jan 0001 00:00:00 +0000</pubDate>
      
      <guid>/resources/lab3tar/data.json</guid>
      <description>This resource contains 6 .java files, and 1 java~ file.</description>
    </item>
    
    <item>
      <title>Labs</title>
      <link>/pages/labs/data.json</link>
      <pubDate>Mon, 01 Jan 0001 00:00:00 +0000</pubDate>
      
      <guid>/pages/labs/data.json</guid>
      <description>This course makes use of Athena, MIT&amp;rsquo;s UNIX-based computing environment. OCW does not provide access to this environment.
The labs for the course began after the lecture session and were designed to take one hour. During the lab sessions, students received assistance from the instructors. Since 6.092 was a preparatory class for MIT course 6.170, many of the lab assignments were taken from 6.170 material. The files (.properties and .css) are specific to the Lab 2 assignment.</description>
    </item>
    
    <item>
      <title>MadHamlet.java</title>
      <link>/resources/madhamlet/data.json</link>
      <pubDate>Mon, 01 Jan 0001 00:00:00 +0000</pubDate>
      
      <guid>/resources/madhamlet/data.json</guid>
      <description>This file contains java code for parts of hamlet&amp;rsquo;s favorite soliloquy, in MadLibs, and is a part of lab 2.</description>
    </item>
    
    <item>
      <title>MadHello.java</title>
      <link>/resources/madhello/data.json</link>
      <pubDate>Mon, 01 Jan 0001 00:00:00 +0000</pubDate>
      
      <guid>/resources/madhello/data.json</guid>
      <description>This file contains java code for mad libs-style, and is a part of lab 2.</description>
    </item>
    
    <item>
      <title>MadLib.java</title>
      <link>/resources/madlib/data.json</link>
      <pubDate>Mon, 01 Jan 0001 00:00:00 +0000</pubDate>
      
      <guid>/resources/madlib/data.json</guid>
      <description>This resource contains java code and talks about public class MadLib extends MadLibTemplate.</description>
    </item>
    
    <item>
      <title>madlibs.pdf</title>
      <link>/resources/madlibs/data.json</link>
      <pubDate>Mon, 01 Jan 0001 00:00:00 +0000</pubDate>
      
      <guid>/resources/madlibs/data.json</guid>
      <description>This resource contains a Java mad lib system and suggested representation, and four tasks about madlibs ADT in Java.</description>
    </item>
    
    <item>
      <title>MadLibTemplate.java</title>
      <link>/resources/madlibtemplate/data.json</link>
      <pubDate>Mon, 01 Jan 0001 00:00:00 +0000</pubDate>
      
      <guid>/resources/madlibtemplate/data.json</guid>
      <description>This file contains java code for The superclass for MadLibs including all of the data associated with a particular MadLib story, and is part of lab 2.</description>
    </item>
    
    <item>
      <title>MadLibTest.java</title>
      <link>/resources/madlibtest/data.json</link>
      <pubDate>Mon, 01 Jan 0001 00:00:00 +0000</pubDate>
      
      <guid>/resources/madlibtest/data.json</guid>
      <description></description>
    </item>
    
    <item>
      <title>MathCalc.java</title>
      <link>/resources/mathcalc/data.json</link>
      <pubDate>Mon, 01 Jan 0001 00:00:00 +0000</pubDate>
      
      <guid>/resources/mathcalc/data.json</guid>
      <description>This file contains java code describing the use of string function and is a part of problem set 0.</description>
    </item>
    
    <item>
      <title>PeopleComparator.java</title>
      <link>/resources/peoplecomparator/data.json</link>
      <pubDate>Mon, 01 Jan 0001 00:00:00 +0000</pubDate>
      
      <guid>/resources/peoplecomparator/data.json</guid>
      <description>This file contains java code for people comparator, and is a part of lab 3.</description>
    </item>
    
    <item>
      <title>Person.java</title>
      <link>/resources/person/data.json</link>
      <pubDate>Mon, 01 Jan 0001 00:00:00 +0000</pubDate>
      
      <guid>/resources/person/data.json</guid>
      <description>This file contains java code for the person data type stores all the information for a person, and is a part of lab 3.</description>
    </item>
    
    <item>
      <title>Primes.java</title>
      <link>/resources/primes/data.json</link>
      <pubDate>Mon, 01 Jan 0001 00:00:00 +0000</pubDate>
      
      <guid>/resources/primes/data.json</guid>
      <description>This file contains java code related to public class primes, and is a part of problem set 0.</description>
    </item>
    
    <item>
      <title>problem7.pdf</title>
      <link>/resources/problem7/data.json</link>
      <pubDate>Mon, 01 Jan 0001 00:00:00 +0000</pubDate>
      
      <guid>/resources/problem7/data.json</guid>
      <description>This resource deals with real programming exercise in Java language.</description>
    </item>
    
    <item>
      <title>problems1_4.pdf</title>
      <link>/resources/problems1_4/data.json</link>
      <pubDate>Mon, 01 Jan 0001 00:00:00 +0000</pubDate>
      
      <guid>/resources/problems1_4/data.json</guid>
      <description>This resource contains four problems based on Java basics.</description>
    </item>
    
    <item>
      <title>solution_notes.pdf</title>
      <link>/resources/solution_notes/data.json</link>
      <pubDate>Mon, 01 Jan 0001 00:00:00 +0000</pubDate>
      
      <guid>/resources/solution_notes/data.json</guid>
      <description>This resource contains the solutions for lab 1.</description>
    </item>
    
    <item>
      <title>StdStreamUI.java</title>
      <link>/resources/stdstreamui/data.json</link>
      <pubDate>Mon, 01 Jan 0001 00:00:00 +0000</pubDate>
      
      <guid>/resources/stdstreamui/data.json</guid>
      <description>This resource explains a StdStream user interface which is a userinterface that uses stdin for input and stdout for output.</description>
    </item>
    
    <item>
      <title>StringCharacters.java</title>
      <link>/resources/stringcharacters/data.json</link>
      <pubDate>Mon, 01 Jan 0001 00:00:00 +0000</pubDate>
      
      <guid>/resources/stringcharacters/data.json</guid>
      <description>This file contains java code related to public class stringcharacters, and is a part of problem set 0.</description>
    </item>
    
    <item>
      <title>UserInterface.java</title>
      <link>/resources/userinterface/data.json</link>
      <pubDate>Mon, 01 Jan 0001 00:00:00 +0000</pubDate>
      
      <guid>/resources/userinterface/data.json</guid>
      <description>This file contains java code for a userinterface object that provides an easy way to contact the user and ask for data.</description>
    </item>
    
  </channel>
</rss>
