<?xml version="1.0" encoding="utf-8" standalone="yes"?>
<rss version="2.0" xmlns:atom="http://www.w3.org/2005/Atom">
  <channel>
    <title>Lecture Notes on MIT OpenCourseWare</title>
    <link>/resources/lecture-notes/</link>
    <description>Recent content in Lecture Notes on MIT OpenCourseWare</description>
    <generator>Hugo -- gohugo.io</generator>
    <language>en-us</language><atom:link href="/resources/lecture-notes/index.xml" rel="self" type="application/rss+xml" />
    <item>
      <title>Lecture Notes</title>
      <link>/pages/lecture-notes/data.json</link>
      <pubDate>Mon, 01 Jan 0001 00:00:00 +0000</pubDate>
      
      <guid>/pages/lecture-notes/data.json</guid>
      <description>The daily class sessions consisted of two hours of lecture followed by one hour of assisted lab work. The lectures notes are provided below. All lecture notes were used with the permission of the instructor named.
DAY # LECTURE NOTES 1 Introduction and JavaTM Programming by Lucy Mendel (PDF)
JavaTM Objects by Corey McCaffrey (PDF) 2 Classes and Interfaces by Justin Mazzola Paluska (PDF)
Polymorphism by Robert Toscano (PDF) 3 Hashing, Collections, and Comparators by Scott Ostler (PDF) 4 Interfaces, Abstract classes, Exceptions, Inner classes by Lucy Mendel (PDF) 5 Review, Question and Answer, Writing an Address Book Program that Loads and Stores Files to Disk </description>
    </item>
    
    <item>
      <title>lecture1a.pdf</title>
      <link>/resources/lecture1a/data.json</link>
      <pubDate>Mon, 01 Jan 0001 00:00:00 +0000</pubDate>
      
      <guid>/resources/lecture1a/data.json</guid>
      <description>This resource contains programming in Java, and 6.170 problem sets.</description>
    </item>
    
    <item>
      <title>lecture1b.pdf</title>
      <link>/resources/lecture1b/data.json</link>
      <pubDate>Mon, 01 Jan 0001 00:00:00 +0000</pubDate>
      
      <guid>/resources/lecture1b/data.json</guid>
      <description>This resource contains review of references, objects, assignments, introduction to Java heap, assignment versus mutation, static and non-static fields, scope, and quick morals.</description>
    </item>
    
    <item>
      <title>lecture2a.pdf</title>
      <link>/resources/lecture2a/data.json</link>
      <pubDate>Mon, 01 Jan 0001 00:00:00 +0000</pubDate>
      
      <guid>/resources/lecture2a/data.json</guid>
      <description>This resource contains notes on Java?s object oriented system, data types, reference types, instances, class, constructors, methods, fields, accessors, interfaces, and class extension.</description>
    </item>
    
    <item>
      <title>lecture2b.pdf</title>
      <link>/resources/lecture2b/data.json</link>
      <pubDate>Mon, 01 Jan 0001 00:00:00 +0000</pubDate>
      
      <guid>/resources/lecture2b/data.json</guid>
      <description>This resource contains deeper look into Java?s programming model, object class, compile-time vs run-time, method dispatch, advantages of using general types, and mad libs.</description>
    </item>
    
    <item>
      <title>lecture3.pdf</title>
      <link>/resources/lecture3/data.json</link>
      <pubDate>Mon, 01 Jan 0001 00:00:00 +0000</pubDate>
      
      <guid>/resources/lecture3/data.json</guid>
      <description>This resource contains information on hashing, class, object, switch, collection, map, keys, and sorting related to Java.</description>
    </item>
    
    <item>
      <title>lecture4.pdf</title>
      <link>/resources/lecture4/data.json</link>
      <pubDate>Mon, 01 Jan 0001 00:00:00 +0000</pubDate>
      
      <guid>/resources/lecture4/data.json</guid>
      <description>This resource contains notes on concept of interfaces, abstract classes, exceptions, and inner classes in Java language.</description>
    </item>
    
  </channel>
</rss>
