<?xml version="1.0" encoding="utf-8" standalone="yes"?>
<rss version="2.0" xmlns:atom="http://www.w3.org/2005/Atom">
  <channel>
    <title>Projects on MIT OpenCourseWare</title>
    <link>/resources/projects/</link>
    <description>Recent content in Projects on MIT OpenCourseWare</description>
    <generator>Hugo -- gohugo.io</generator>
    <language>en-us</language><atom:link href="/resources/projects/index.xml" rel="self" type="application/rss+xml" />
    <item>
      <title>aim_messenger.pdf</title>
      <link>/resources/aim_messenger/data.json</link>
      <pubDate>Mon, 01 Jan 0001 00:00:00 +0000</pubDate>
      
      <guid>/resources/aim_messenger/data.json</guid>
      <description>This resource contains an overview, support code, assignment, hepl, logging, and some more stuff based on AIM client concept.</description>
    </item>
    
    <item>
      <title>javadoc.pdf</title>
      <link>/resources/javadoc/data.json</link>
      <pubDate>Mon, 01 Jan 0001 00:00:00 +0000</pubDate>
      
      <guid>/resources/javadoc/data.json</guid>
      <description>This resource contains overview of classes in Java language.</description>
    </item>
    
    <item>
      <title>Projects</title>
      <link>/pages/projects/data.json</link>
      <pubDate>Mon, 01 Jan 0001 00:00:00 +0000</pubDate>
      
      <guid>/pages/projects/data.json</guid>
      <description>The second week of the course, although optional, gave students the opportunity to work on aspects of an AOL® AIMTM messaging software client.
Project Files Simple AIMTM Assignment (PDF)
Reference Implementation, saim.jar (JAR) (The JAR file contains: 23 .class files, 1 .mf file, and 1 .txt file.)
Source Code Handout, saim-handout.tar.gz (GZ) (The GZ file contains: 15 .java files, and 1 .txt file.)
TOC2 Protocol, TOC2.txt (TXT)</description>
    </item>
    
    <item>
      <title>saim.jar</title>
      <link>/resources/saim/data.json</link>
      <pubDate>Mon, 01 Jan 0001 00:00:00 +0000</pubDate>
      
      <guid>/resources/saim/data.json</guid>
      <description>This resource contains 23 .class files, 1 .mf file, and 1 .txt file.</description>
    </item>
    
    <item>
      <title>saimhandouttar.gz</title>
      <link>/resources/saimhandouttar/data.json</link>
      <pubDate>Mon, 01 Jan 0001 00:00:00 +0000</pubDate>
      
      <guid>/resources/saimhandouttar/data.json</guid>
      <description>This resource contains 15 .java files, and 1 .txt file.</description>
    </item>
    
    <item>
      <title>TOC2.txt</title>
      <link>/resources/toc2/data.json</link>
      <pubDate>Mon, 01 Jan 0001 00:00:00 +0000</pubDate>
      
      <guid>/resources/toc2/data.json</guid>
      <description>This resource describes the protocol between TOC and TOC clients.</description>
    </item>
    
  </channel>
</rss>
