{"050457e9-d4f4-8a61-2421-484aa1ee573c":"/resources/lecture3/data.json","0907f040-009f-9113-0f86-2478efa0a9d8":"/resources/comparatorexample/data.json","0d21cc5a-c038-a701-9bd8-05a1441f8efa":"/resources/saimhandouttar/data.json","14a10314-cd8c-03b0-4b55-61e03ec692b7":"/resources/overloading/data.json","14cb5705-787c-5469-a2b6-c1fc0b929a3d":"/resources/overriding/data.json","1b8742ff-2203-88b2-5629-fe3bdb497a92":"/resources/madhamlet/data.json","1d781a7f-7bbc-6906-d533-1506a5d21af7":"/pages/projects/data.json","1e6fcfdd-436f-31f6-4313-fb0816770ca0":"/resources/person/data.json","21b82040-c948-e5f5-bf32-a471940a4238":"/pages/syllabus/data.json","25d00b1a-e657-ea44-1e5f-6228412d1806":"/resources/continuebreak/data.json","2a9fa6dd-88e4-5217-d7e4-4c0b036a0e19":"/pages/calendar/data.json","2db15324-2ca1-c747-fd6c-d7c2b497162a":"/resources/lecture2a/data.json","2dfc38a5-7191-5d4f-b1df-7e8888045a66":"/resources/java_ref_handout/data.json","3370f7bb-850e-80d3-71fd-4bd7b0b36b3b":"/pages/lecture-notes/data.json","35389e58-15c6-be38-6bef-b7bd00974735":"/resources/lecture1a/data.json","3549ec23-4da7-399c-cb58-cd2a5ed075d7":"/resources/saim/data.json","372bceed-4241-f7ce-be5d-3c8bb48bc729":"/resources/lab3/data.json","394bf20d-9f52-53b4-5ead-0715cf581fcf":"/resources/6-092iap06/data.json","3f3161bf-fccb-bbc2-376e-56def7119d7a":"/resources/lecture4/data.json","422b6d15-a4eb-6cac-a9b6-8ede8f352e5b":"/resources/lab3tar/data.json","4324b9d8-fefc-f8ed-2d82-19eb9a66561a":"/resources/stdstreamui/data.json","4ae3bbca-2727-bb2c-c0bb-9c3f94c3a0eb":"/resources/antialiasjbutton/data.json","4bb68663-f2f2-2dd5-b2c5-354a56042db5":"/resources/aim_messenger/data.json","5ad1807a-6569-61f1-721a-767a4f470ba2":"/resources/extendedtablerenderer/data.json","614cf42c-7f79-02f1-1c5c-f02eb04beda8":"/resources/madlibtemplate/data.json","778fa412-08ec-838c-0fb1-b1c3a2d2ea45":"/resources/6092_image/data.json","78388a8f-8c12-3245-1699-1e2f856b2b98":"/resources/madlib/data.json","7b77152d-c023-8ff0-638f-0892ea87eaa7":"/resources/peoplecomparator/data.json","7bcab20a-89cd-4683-fbf2-993b9ec89eb7":"/resources/junit/data.json","8334b6bb-b98e-9097-3f57-7588e3417d44":"/resources/primes/data.json","86a2511e-ba17-1d62-591a-88c67ca9e93d":"/resources/lab2tar/data.json","99c448c7-86f1-7c92-7be8-e4fc1eb14eec":"/resources/lecture2b/data.json","a5c6067a-f287-e30d-9155-7a401b4f0d39":"/resources/ball/data.json","aee230b1-1299-fe64-573d-59bfbe91a22c":"/resources/interfaces/data.json","af53955a-2642-7bce-9467-06eec5a9bf33":"/resources/problems1_4/data.json","b1228b38-91a3-d496-98ec-772ddcb47c9d":"/pages/study-materials/data.json","bae07c9b-f735-5dc0-c1ed-9247f0c28088":"/resources/antialiasjlabel/data.json","be0b01de-dc66-9044-8fb2-6a0871cbfcc6":"/resources/problem7/data.json","be1ee6d0-26fb-cb52-4a7c-32cde2ba29d0":"/resources/toc2/data.json","c3129f07-5e78-583e-19f3-2d0e2f40289d":"/resources/madlibs/data.json","c5f56e10-1979-4173-dbe1-5adf1636790e":"/resources/eclipse_ref/data.json","c76c3609-11f2-a073-ecc1-fdfd622e1fed":"/pages/labs/data.json","ca64baed-8824-ba40-3303-60582881b4a7":"/resources/thissuper/data.json","cd4a756f-8b9d-5d89-721f-0dcf0f0a0d47":"/resources/madlibtest/data.json","cf31d74a-835f-e60d-3acd-37726772de2d":"/resources/work_home/data.json","d3bbb675-9e1b-f179-a8f5-6545d69b99e7":"/resources/ps0/data.json","d50a121e-38cf-9448-d815-1c205fe400de":"/resources/solution_notes/data.json","d92357fb-9a45-78a5-1bd4-38682ba720b9":"/resources/6-092iap06-th/data.json","d9a4b4c7-e904-04b7-c6d1-00c65ecd7322":"/resources/javadoc/data.json","dc0b5ac3-1c15-c490-11f1-e1b15e533140":"/resources/java_style/data.json","de36ec6b-9bef-cac9-8e21-ee81c16356ca":"/resources/userinterface/data.json","e3819f96-2967-3db0-fc82-1a9c75437e56":"/resources/mathcalc/data.json","e6e2d2c1-553b-2453-50be-117847d6d0df":"/resources/madhello/data.json","f00468a0-93a8-e291-0586-592267daff52":"/resources/stringcharacters/data.json","f2146d5e-0b4c-c85d-37cc-29021456c7a6":"/pages/related-resources/data.json","f3115bfc-37df-3829-d43a-5a4797fc9184":"/resources/iterator/data.json","f74cb036-9547-c5c3-c014-47427ee2a64a":"/resources/lecture1b/data.json"}