{
  "course_title":"Java Preparation for 6.170",
  "course_description":"This course focuses on introducing the language, libraries, tools and concepts of Javaᵀᴹ. The course is specifically targeted at students who intend to take [6.170](/courses/6-170-laboratory-in-software-engineering-fall-2005) in the following term and feel they would struggle because they lack the necessary background. Topics include: Object-oriented programming, primitives, arrays, objects, inheritance, interfaces, polymorphism, hashing, data structures, collections, nested classes, floating point precision, defensive programming, and depth-first search algorithm.",
  "course_description_html":"This course focuses on introducing the language, libraries, tools and concepts of Javaᵀᴹ. The course is specifically targeted at students who intend to take <a href=\"https://ocw.mit.edu/courses/6-170-laboratory-in-software-engineering-fall-2005\" target=\"_blank\" rel=\"noopener\">6.170</a> in the following term and feel they would struggle because they lack the necessary background. Topics include: Object-oriented programming, primitives, arrays, objects, inheritance, interfaces, polymorphism, hashing, data structures, collections, nested classes, floating point precision, defensive programming, and depth-first search algorithm.",
  "site_uid":"7449c841-b984-4412-9339-c272ddfca964",
  "legacy_uid":"c3677510-a56b-c4a0-df51-6978c53c3977","instructors": [{
    "first_name":"Corey",
    "last_name":"McCaffrey",
    "middle_initial":"",
    "salutation":"",
    "title":"Corey McCaffrey"},{
    "first_name":"Justin",
    "last_name":"Paluska",
    "middle_initial":"Mazzola",
    "salutation":"",
    "title":"Justin Mazzola Paluska"},{
    "first_name":"Lucy",
    "last_name":"Mendel",
    "middle_initial":"",
    "salutation":"",
    "title":"Lucy Mendel"},{
    "first_name":"Ray",
    "last_name":"He",
    "middle_initial":"",
    "salutation":"",
    "title":"Ray He"},{
    "first_name":"Robert",
    "last_name":"Toscano",
    "middle_initial":"",
    "salutation":"",
    "title":"Robert Toscano"},{
    "first_name":"Scott",
    "last_name":"Ostler",
    "middle_initial":"",
    "salutation":"",
    "title":"Scott Ostler"}],"department_numbers":["6"],
  "learning_resource_types":["Lecture Notes","Projects"],
  "topics":[["Engineering","Computer Science","Programming Languages"],["Engineering","Computer Science","Software Design and Engineering"]],
  "mit_learn_topics":null,
  "primary_course_number":"6.092",
  "extra_course_numbers":"",
  "term":"January IAP",
  "year":"2006",
  "level":["Undergraduate"],
  "hide_download":null,
  "image_src":"./static_resources/394bf20d9f5253b45ead0715cf581fcf_6-092iap06.jpg",
  "course_image_metadata":{"content_type":"resource","description":"Sample Java? code. (Image by Prof. Lucy Mendel.)","draft":false,"file":"/courses/6-092-java-preparation-for-6-170-january-iap-2006/394bf20d9f5253b45ead0715cf581fcf_6-092iap06.jpg","file_size":78863,"file_type":"image/jpeg","image_metadata":{"caption":"Sample Javaᵀᴹ code. (Image by Lucy Mendel. Used with permission.)","credit":"","image-alt":"Image of computer code."},"iscjklanguage":false,"learning_resource_types":[],"license":"https://creativecommons.org/licenses/by-nc/4.0/","ocw_type":"OCWImage","resourcetype":"Image","title":"6-092iap06.jpg","uid":"394bf20d-9f52-53b4-5ead-0715cf581fcf","video_files":{"video_captions_file":"","video_thumbnail_file":"","video_transcript_file":""},"video_metadata":{"video_speakers":"","video_tags":"","youtube_description":"","youtube_id":""}}}

